<?xml version="1.0" encoding="UTF-8" standalone="yes"?>
<addon id="repository.myrepo" name="the edge" version="0.0.1" provider-name="phoenix">
	<extension point="xbmc.addon.repository" name="the edge">
		<dir>
			<info compressed="false">https://raw.githubusercontent.com/noobsandnerds/modules4all/master/zips/addons.xml</info>
			<checksum>https://raw.githubusercontent.com/noobsandnerds/modules4all/master/zips/addons.xml.md5</checksum>
			<datadir zip="true">https://raw.githubusercontent.com/noobsandnerds/modules4all/master/zips/</datadir>
		</dir>
		<info compressed="false">https://raw.githubusercontent.com/my_github_gcet69/repository.myrepo/master/zips/addons.xml</info>
		<checksum>https://raw.githubusercontent.com/my_github_gcet69/repository.myrepo/master/zips/addons.xml.md5</checksum>
		<datadir zip="true">https://raw.githubusercontent.com/my_github_gcet69/repository.myrepo/master/zips/</datadir>
	</extension>
	<extension point="xbmc.addon.metadata">
		<summary lang="en">test repo</summary>
		<description lang="en">test edge repo</description>
		<genre>movies,sports,tvshows,uk,usa</genre>
	</extension>
</addon>